Manufactuer,Product,transportation time,transportation costs,production cycle,production costs,Defect rates,production quality
Manufactuer 1,Product 1,6,6.377156792,20,56.77977067,3.692085653,96.31
Manufactuer 1,Product 2,9,9.377542691,19,59.33139144,4.768679796,95.23
Manufactuer 1,Product 3,5,3.556194489,30,79.20426292,3.77337921,96.23
Manufactuer 1,Product 4,5,5.821630924,24,45.08269539,3.445709349,96.55
Manufactuer 1,Product 5,0,3.603392716,8,11.1322221,6.869498361,93.13
Manufactuer 1,Product 6,5,2.169635453,6,79.35368421,2.628424402,97.37
Manufactuer 1,Product 7,5,10.36380582,22,63.09623104,1.155726749,98.84
Manufactuer 1,Product 8,3,6.222486694,0,94.57528273,2.654190843,97.35
Manufactuer 1,Product 9,4,4.974444831,8,46.10447699,3.041131676,96.96
Manufactuer 1,Product 10,1,2.216263345,25,93.8841391,2.948476968,97.05
Manufactuer 1,Product 11,8,7.159051655,18,24.0887828,3.267333816,96.73
Manufactuer 1,Product 12,9,6.444993242,13,30.39501684,1.856119979,98.14
Manufactuer 1,Product 13,5,8.030207084,15,42.68579828,0.035660394,99.96
Manufactuer 1,Product 14,2,10.99072095,1,49.3038623,3.341421901,96.66
Manufactuer 1,Product 15,2,5.026419338,0,43.60265709,1.217055898,98.78
Manufactuer 1,Product 16,1,4.348120039,11,45.48715498,2.941177513,97.06
Manufactuer 1,Product 17,4,7.684406314,17,42.25352413,3.034179415,96.97
Manufactuer 1,Product 18,6,4.560855128,23,54.09143029,1.230305235,98.77
Manufactuer 1,Product 19,7,4.573461362,10,64.22461502,1.746372945,98.25
Manufactuer 1,Product 20,10,8.769335612,15,90.40432742,0.162886553,99.84
Manufactuer 2,Product 1,8,6.745870433,20,26.98687548,2.424111899,97.58
Manufactuer 2,Product 2,2,9.866456489,25,112.9367161,0.868255067,99.13
Manufactuer 2,Product 3,12,5.012415428,15,49.83363502,3.744122485,96.26
Manufactuer 2,Product 4,6,5.626167652,28,45.76884691,2.925268124,97.07
Manufactuer 2,Product 5,4,4.678201671,3,75.48775115,6.782827455,93.22
Manufactuer 2,Product 6,5,8.94101063,13,145.7179606,3.297213386,96.7
Manufactuer 2,Product 7,5,1.72817124,9,63.15716629,0.11290956,99.89
Manufactuer 2,Product 8,6,3.94109914,11,44.10105215,3.931485418,96.07
Manufactuer 2,Product 9,3,0.62512948,16,36.12991486,2.309746832,97.69
Manufactuer 2,Product 10,6,4.585353468,6,8.693042426,0.159486315,99.84
Manufactuer 2,Product 11,7,6.389474874,9,10.84299204,0.971555038,99.03
Manufactuer 2,Product 12,4,6.304487454,22,64.51633552,4.180421598,95.82
Manufactuer 2,Product 13,5,4.672091057,18,38.8874884,3.747232422,96.25
Manufactuer 2,Product 14,4,4.980498618,1,99.4209393,2.872567907,97.13
Manufactuer 2,Product 15,7,9.60784812,20,54.86116705,2.718281299,97.28
Manufactuer 2,Product 16,6,1.837259714,20,98.47716296,2.756998618,97.24
Manufactuer 2,Product 17,5,8.799504256,34,24.94404529,0.320987281,99.68
Manufactuer 2,Product 18,3,7.055852185,11,133.4906778,3.033070493,96.97
Manufactuer 2,Product 19,6,5.026514479,19,100.7832339,2.639069896,97.36
Manufactuer 2,Product 20,7,6.897873922,11,64.45623047,2.415335521,97.58
Manufactuer 3,Product 1,5,7.508077584,12,32.39531239,1.007664168,98.99
Manufactuer 3,Product 2,6,4.013469048,30,42.75085578,1.437092001,98.56
Manufactuer 3,Product 3,3,5.324574145,14,33.84423276,2.683307875,97.32
Manufactuer 3,Product 4,5,7.443472406,34,11.60179431,3.120803765,96.88
Manufactuer 3,Product 5,5,2.122650131,8,72.09155733,4.55469824,95.45
Manufactuer 3,Product 6,10,7.396507157,10,44.9668059,2.305151745,97.69
Manufactuer 3,Product 7,5,5.976921608,18,17.46463299,1.412140613,98.59
Manufactuer 3,Product 8,7,3.807445906,23,86.05445312,0.208324629,99.79
Manufactuer 3,Product 9,7,5.145737453,3,20.53810386,1.187454444,98.81
Manufactuer 3,Product 10,6,0.194345185,14,105.8742919,2.868012345,97.13
Manufactuer 3,Product 11,5,11.72178992,25,38.85288395,0.855408353,99.14
Manufactuer 3,Product 12,8,8.911112401,5,75.88302268,0.278908486,99.72
Manufactuer 3,Product 13,9,4.995762925,15,82.12485393,1.140259111,98.86
Manufactuer 3,Product 14,13,7.441822227,18,31.67938834,1.693042227,98.31
Manufactuer 3,Product 15,7,3.156351171,12,7.430651627,1.131094179,98.87
Manufactuer 3,Product 16,6,2.681357136,15,48.16737207,3.69445357,96.31
Manufactuer 3,Product 17,3,3.569984805,14,23.8743766,1.892881238,98.11
Manufactuer 3,Product 18,7,6.321502518,9,1.169458279,0.596704836,99.4
Manufactuer 3,Product 19,4,4.850003804,0,7.692621523,0.612257515,99.39
Manufactuer 3,Product 20,6,2.658076179,8,59.29063051,2.978764084,97.02
Manufactuer 4,Product 1,4,5.057492578,14,68.10540809,3.442302533,96.56
Manufactuer 4,Product 2,1,5.697298896,1,62.71631222,1.756329289,98.24
Manufactuer 4,Product 3,1,5.997472741,15,35.78216977,3.415661758,96.58
Manufactuer 4,Product 4,7,4.747417663,21,23.70191963,3.409381728,96.59
Manufactuer 4,Product 5,3,6.24807139,8,59.91079131,3.102847181,96.9
Manufactuer 4,Product 6,1,6.600871739,9,87.13001237,1.195564825,98.8
Manufactuer 4,Product 7,8,5.3753257,10,70.76697581,2.417040514,97.58
Manufactuer 4,Product 8,7,2.956412666,11,97.4752915,1.325406365,98.67
Manufactuer 4,Product 9,2,6.818645811,19,30.6431564,2.321580148,97.68
Manufactuer 4,Product 10,3,3.694661491,29,53.29980716,2.3335055,97.67
Manufactuer 4,Product 11,9,6.295209857,5,43.38986443,2.008393125,97.99
Manufactuer 4,Product 12,1,3.068276008,11,52.25962566,2.071394466,97.93
Manufactuer 4,Product 13,0,4.52070123,9,21.70991877,1.680343108,98.32
Manufactuer 4,Product 14,11,5.234404444,12,40.9604472,2.610969173,97.39
Manufactuer 4,Product 15,7,6.251793304,7,89.37876758,0.464383874,99.54
Manufactuer 4,Product 16,2,5.649151499,24,24.98059021,4.297625193,95.7
Manufactuer 4,Product 17,5,6.906234115,23,23.49391594,2.819549762,97.18
Manufactuer 4,Product 18,4,3.27993622,15,41.39416109,4.416385687,95.58
Manufactuer 4,Product 19,3,4.298148931,22,55.16326694,0.08930393,99.91
Manufactuer 4,Product 20,0,8.311033161,21,67.58805616,2.174027568,97.83
Manufactuer 5,Product 1,6,6.342375679,18,62.09622162,4.333057535,95.67
Manufactuer 5,Product 2,5,9.249310704,28,38.72129849,2.853708626,97.15
Manufactuer 5,Product 3,4,3.175794764,6,31.53170528,2.808829269,97.19
Manufactuer 5,Product 4,3,3.101102103,31,32.87736106,2.056539011,97.94
Manufactuer 5,Product 5,6,7.439647717,0,3.656111541,0.286058398,99.71
Manufactuer 5,Product 6,3,6.268365931,12,105.3466579,1.823312821,98.18
Manufactuer 5,Product 7,3,5.487748972,14,43.60860068,3.087432745,96.91
Manufactuer 5,Product 8,4,8.672537201,5,53.75717318,2.629296679,97.37
Manufactuer 5,Product 9,1,3.227520359,15,37.91728719,1.444921898,98.56
Manufactuer 5,Product 10,0,2.508728744,21,58.78290107,3.654372941,96.35
Manufactuer 5,Product 11,4,4.917404787,15,105.2990086,2.797739135,97.2
Manufactuer 5,Product 12,4,4.961658487,15,74.06462827,1.811997984,98.19
Manufactuer 5,Product 13,6,4.959768328,11,25.45758877,2.154793721,97.85
Manufactuer 5,Product 14,9,11.83748201,21,20.05566702,1.33722166,98.66
Manufactuer 5,Product 15,6,7.93403858,14,8.536278058,1.457720537,98.54
Manufactuer 5,Product 16,10,6.025724361,24,15.84451466,1.971533229,98.03
Manufactuer 5,Product 17,5,8.936317639,15,72.07325314,2.038452013,97.96
Manufactuer 5,Product 18,3,6.913923317,5,31.31568489,2.972424295,97.03
Manufactuer 5,Product 19,9,8.972166828,18,10.53093186,3.685375276,96.31
Manufactuer 5,Product 20,3,5.152944868,12,0.19843465,2.253803276,97.75
Manufactuer 6,Product 1,6,3.554225001,5,79.40901303,3.692617662,96.31
Manufactuer 6,Product 2,4,4.831119911,19,54.08385664,1.72275497,98.28
Manufactuer 6,Product 3,6,7.185391743,10,80.33322169,3.147618432,96.85
Manufactuer 6,Product 4,5,6.991526379,10,57.35286566,0.954248926,99.05
Manufactuer 6,Product 5,4,3.866951919,25,28.77196551,2.388499256,97.61
Manufactuer 6,Product 6,6,8.987838323,11,101.7097434,0.916015366,99.08
Manufactuer 6,Product 7,10,7.839965154,8,42.11174212,0.153921831,99.85
Manufactuer 6,Product 8,6,6.550136728,18,25.20807416,2.173812523,97.83
Manufactuer 6,Product 9,5,6.444491968,18,67.19713069,0.158979122,99.84
Manufactuer 6,Product 10,6,4.268531701,26,110.723808,3.894055888,96.11
Manufactuer 6,Product 11,2,8.946455911,17,61.1714101,0.632972707,99.37
Manufactuer 6,Product 12,5,6.770423542,8,70.64489931,0.35681964,99.64
Manufactuer 6,Product 13,8,8.001854044,15,86.91898226,2.135171454,97.86
Manufactuer 6,Product 14,7,5.711966145,18,8.833813205,1.004017257,99
Manufactuer 6,Product 15,12,3.397728126,10,21.30977256,3.990689748,96.01
Manufactuer 6,Product 16,6,4.003006989,19,35.54158186,1.602757752,98.4
Manufactuer 6,Product 17,8,5.034366576,1,95.53453597,2.356139217,97.64
Manufactuer 6,Product 18,5,7.330136908,15,80.43538754,1.257021739,98.74
Manufactuer 6,Product 19,5,6.749218107,6,86.15992321,3.465361893,96.53
Manufactuer 6,Product 20,4,7.458523445,1,15.202839,3.257631218,96.74
Manufactuer 7,Product 1,8,6.16579124,16,63.94478766,4.014955097,95.99
Manufactuer 7,Product 2,6,3.697476331,3,74.33439976,3.43821261,96.56
Manufactuer 7,Product 3,9,4.544430259,24,17.62975079,1.341599459,98.66
Manufactuer 7,Product 4,9,7.115122108,8,77.23617918,1.261755092,98.74
Manufactuer 7,Product 5,2,3.943801764,28,87.8455995,2.230613713,97.77
Manufactuer 7,Product 6,11,1.649019691,14,33.41340813,3.283179133,96.72
Manufactuer 7,Product 7,5,4.631927355,2,15.04906981,0.231323566,99.77
Manufactuer 7,Product 8,12,5.233564736,5,47.73359459,0.973488105,99.03
Manufactuer 7,Product 9,10,6.082320117,9,41.85202884,0.179365368,99.82
Manufactuer 7,Product 10,3,7.443073784,9,9.128893391,1.251781531,98.75
Manufactuer 7,Product 11,6,4.362526822,8,85.24006993,3.090666289,96.91
Manufactuer 7,Product 12,4,7.834109869,22,55.9052871,1.045815152,98.95
Manufactuer 7,Product 13,6,2.685839,19,12.40761487,2.093526317,97.91
Manufactuer 7,Product 14,7,5.117785908,15,91.36528855,2.053272038,97.95
Manufactuer 7,Product 15,4,3.828312967,0,61.59766438,1.911911154,98.09
Manufactuer 7,Product 16,6,2.875743364,0,81.35720728,3.177414342,96.82
Manufactuer 7,Product 17,2,9.386834776,22,55.77657403,0.847610176,99.15
Manufactuer 7,Product 18,3,3.513273827,15,15.74308029,1.537960135,98.46
Manufactuer 7,Product 19,2,6.108479127,24,23.93590863,4.762262861,95.24
Manufactuer 7,Product 20,3,3.121813617,16,40.53945052,1.083157466,98.92
Manufactuer 8,Product 1,4,6.642111304,19,70.13742039,3.777096877,96.22
Manufactuer 8,Product 2,9,5.220492609,5,10.94991198,2.063861144,97.94
Manufactuer 8,Product 3,4,9.810108115,14,97.61505925,2.610460975,97.39
Manufactuer 8,Product 4,4,5.750697508,2,8.036847779,2.110018745,97.89
Manufactuer 8,Product 5,0,6.399023109,22,86.75701159,1.182087369,98.82
Manufactuer 8,Product 6,6,6.028360235,31,53.90655358,2.812418203,97.19
Manufactuer 8,Product 7,5,4.705646942,29,84.91308915,2.475311383,97.52
Manufactuer 8,Product 8,3,7.235660472,16,64.57756414,0.528658963,99.47
Manufactuer 8,Product 9,7,0.875389275,27,30.29255242,2.498156476,97.5
Manufactuer 8,Product 10,1,7.735156972,1,43.88627377,0.242720143,99.76
Manufactuer 8,Product 11,5,4.439736514,1,43.42192813,2.772598153,97.23
Manufactuer 8,Product 12,11,11.19079622,18,74.09201445,1.933019078,98.07
Manufactuer 8,Product 13,5,4.638228077,13,28.52183086,1.515734772,98.48
Manufactuer 8,Product 14,8,8.256384142,5,7.472003899,1.272197962,98.73
Manufactuer 8,Product 15,11,7.707599344,16,55.43492485,4.376352917,95.62
Manufactuer 8,Product 16,5,4.487061131,21,58.49136898,2.40623424,97.59
Manufactuer 8,Product 17,11,12.24145468,24,20.30758894,3.595216841,96.4
Manufactuer 8,Product 18,3,5.170560715,13,11.7636704,2.616096896,97.38
Manufactuer 8,Product 19,8,6.401737725,10,32.06250225,0.765117672,99.23
Manufactuer 8,Product 20,10,5.654411764,10,34.27158008,3.34107619,96.66
Manufactuer 9,Product 1,7,2.178399607,19,38.21125555,0.417926545,99.58
Manufactuer 9,Product 2,6,5.989400783,15,28.45001471,3.399268647,96.6
Manufactuer 9,Product 3,6,1.721587757,7,46.32403845,3.270531104,96.73
Manufactuer 9,Product 4,7,6.471225423,29,2.402045891,3.143818333,96.86
Manufactuer 9,Product 5,5,5.169751059,14,89.23272534,2.660380007,97.34
Manufactuer 9,Product 6,3,5.133802029,16,41.40556241,3.148376784,96.85
Manufactuer 9,Product 7,3,2.844903337,21,51.80131518,1.411120877,98.59
Manufactuer 9,Product 8,7,3.115777739,27,55.88499636,3.528767069,96.47
Manufactuer 9,Product 9,6,0.958747439,1,11.41201944,3.179437437,96.82
Manufactuer 9,Product 10,4,6.412666888,16,97.53680537,3.702033031,96.3
Manufactuer 9,Product 11,9,1.894863226,18,17.44121338,0.29380266,99.71
Manufactuer 9,Product 12,7,10.31444464,6,47.73025519,3.067257698,96.93
Manufactuer 9,Product 13,1,10.1146758,11,79.11992406,2.955865916,97.04
Manufactuer 9,Product 14,5,4.348180216,24,62.285038,0.357756152,99.64
Manufactuer 9,Product 15,4,6.748647305,13,45.68815067,1.57111235,98.43
Manufactuer 9,Product 16,5,2.421752122,0,18.63381475,2.584507524,97.42
Manufactuer 9,Product 17,1,0.487900087,15,108.7933382,1.347020276,98.65
Manufactuer 9,Product 18,4,7.079545374,10,55.03333821,2.908193012,97.09
Manufactuer 9,Product 19,6,7.05928947,2,151.7205303,0.984128939,99.02
Manufactuer 9,Product 20,2,4.2914499,18,47.12237059,0.166974617,99.83
Manufactuer 10,Product 1,5,6.405439613,15,114.5201437,3.646703601,96.35
Manufactuer 10,Product 2,6,4.985744804,7,41.07207793,3.708606451,96.29
Manufactuer 10,Product 3,6,5.889358522,17,64.85260469,3.616458445,96.38
Manufactuer 10,Product 4,2,0.449907761,18,46.34752219,0.234773009,99.77
Manufactuer 10,Product 5,6,4.266773596,21,59.97975176,3.026816736,96.97
Manufactuer 10,Product 6,9,1.467552747,15,46.88469766,1.927036322,98.07
Manufactuer 10,Product 7,8,5.628451176,19,113.1068372,2.251347321,97.75
Manufactuer 10,Product 8,8,8.377994668,25,72.93949647,3.833014686,96.17
Manufactuer 10,Product 9,0,7.442903718,28,30.90496137,0.437857118,99.56
Manufactuer 10,Product 10,2,4.451288205,17,71.1409265,2.333189069,97.67
Manufactuer 10,Product 11,2,6.974281953,18,32.52401545,2.410303239,97.59
Manufactuer 10,Product 12,4,2.389054725,14,36.76587874,2.927649645,97.07
Manufactuer 10,Product 13,5,5.510182182,14,26.54175099,1.278878794,98.72
Manufactuer 10,Product 14,6,6.415851297,9,86.55008622,3.066902392,96.93
Manufactuer 10,Product 15,6,5.241454001,15,44.20901325,2.425612027,97.57
Manufactuer 10,Product 16,3,3.557462638,21,23.90015774,2.191880224,97.81
Manufactuer 10,Product 17,9,5.615407624,18,49.29446653,2.906517169,97.09
Manufactuer 10,Product 18,8,10.54253336,13,50.10461879,3.632313992,96.37
Manufactuer 10,Product 19,1,1.81015774,20,74.48024787,0.566757128,99.43
Manufactuer 10,Product 20,6,5.074989782,11,50.83877785,1.058492648,98.94
Manufactuer 11,Product 1,4,7.304942259,7,61.66704644,4.91135275,95.09
Manufactuer 11,Product 2,5,1.200926146,14,71.60415344,3.334820762,96.67
Manufactuer 11,Product 3,8,5.626127535,11,38.4147167,2.359340826,97.64
Manufactuer 11,Product 4,2,4.643670442,13,54.76048739,1.024047007,98.98
Manufactuer 11,Product 5,6,6.575139099,15,8.943842393,2.948056783,97.05
Manufactuer 11,Product 6,10,4.960034181,15,104.1068265,4.688181242,95.31
Manufactuer 11,Product 7,6,7.751084107,19,43.23155766,0.542614645,99.46
Manufactuer 11,Product 8,6,3.254367947,9,100.0379308,1.434055325,98.57
Manufactuer 11,Product 9,7,5.741298672,16,61.51847135,5.166928742,94.83
Manufactuer 11,Product 10,1,8.63105218,27,9.166849149,2.122471619,97.88
Manufactuer 11,Product 11,3,3.443617608,24,56.2649616,2.601302673,97.4
Manufactuer 11,Product 12,3,3.35787098,18,26.53809496,2.548690956,97.45
Manufactuer 11,Product 13,11,7.969716755,10,51.98387422,4.321280447,95.68
Manufactuer 11,Product 14,4,6.579796139,6,13.5387703,3.667873268,96.33
Manufactuer 11,Product 15,7,3.446645582,6,37.01087601,0.723288292,99.28
Manufactuer 11,Product 16,8,3.467304104,14,14.47084816,0.215287439,99.78
Manufactuer 11,Product 17,3,5.418393133,17,45.72400237,1.762034443,98.24
Manufactuer 11,Product 18,4,3.867804783,28,54.5265654,1.414764367,98.59
Manufactuer 11,Product 19,1,6.046492416,15,29.11151139,0.097932308,99.9
Manufactuer 11,Product 20,7,4.432649467,0,85.54385846,2.700999202,97.3
Manufactuer 12,Product 1,0,5.20131316,9,47.4935135,2.069170001,97.93
Manufactuer 12,Product 2,7,3.345260348,5,51.36248685,2.491830588,97.51
Manufactuer 12,Product 3,15,10.53988615,19,100.5690269,3.265277272,96.73
Manufactuer 12,Product 4,8,6.657937081,17,90.82126223,0.923404615,99.08
Manufactuer 12,Product 5,7,2.477683969,9,7.216708384,0.780976831,99.22
Manufactuer 12,Product 6,6,0.878814508,22,10.34096125,3.258493677,96.74
Manufactuer 12,Product 7,1,4.429600473,13,56.16164033,2.307639831,97.69
Manufactuer 12,Product 8,2,3.559352439,11,46.26802882,0.517635746,99.48
Manufactuer 12,Product 9,1,2.646780813,9,45.46357513,2.637425256,97.36
Manufactuer 12,Product 10,7,4.93668829,34,87.00283458,4.206415878,95.79
Manufactuer 12,Product 11,10,8.010985713,14,6.965198363,4.179019868,95.82
Manufactuer 12,Product 12,6,4.973200314,6,91.75471996,3.06980086,96.93
Manufactuer 12,Product 13,3,4.206756986,20,79.77430236,1.542474151,98.46
Manufactuer 12,Product 14,7,6.381944879,19,104.9833943,2.486805598,97.51
Manufactuer 12,Product 15,8,9.953064655,3,9.139774284,0.877539299,99.12
Manufactuer 12,Product 16,4,6.311852387,5,48.79962956,3.864280798,96.14
Manufactuer 12,Product 17,0,6.800467475,3,57.97355636,1.459007896,98.54
Manufactuer 12,Product 18,5,5.854208223,16,52.97495001,2.737068325,97.26
Manufactuer 12,Product 19,5,2.387264776,17,26.84621305,2.914649784,97.09
Manufactuer 12,Product 20,4,4.461246621,10,75.34131917,2.956997392,97.04
Manufactuer 13,Product 1,3,5.745018566,23,34.77940332,2.059251966,97.94
Manufactuer 13,Product 2,8,5.947520731,6,36.95869176,0.493196798,99.51
Manufactuer 13,Product 3,5,7.678339658,4,76.01903821,1.193476628,98.81
Manufactuer 13,Product 4,9,0.47268009,14,54.93908977,1.841043938,98.16
Manufactuer 13,Product 5,2,12.50541851,18,70.20971213,4.839526922,95.16
Manufactuer 13,Product 6,6,1.260960904,15,62.70246198,2.264914481,97.74
Manufactuer 13,Product 7,6,5.708580237,9,20.80052164,0.500269139,99.5
Manufactuer 13,Product 8,6,5.331845835,6,60.58806684,1.099900054,98.9
Manufactuer 13,Product 9,9,3.617813447,5,62.92689376,2.463645859,97.54
Manufactuer 13,Product 10,3,10.33213484,24,82.2258221,1.212402513,98.79
Manufactuer 13,Product 11,6,4.249649312,11,44.67163886,1.62018378,98.38
Manufactuer 13,Product 12,8,7.399840488,12,49.91016829,2.618961679,97.38
Manufactuer 13,Product 13,4,5.330293118,13,61.01565366,3.381551972,96.62
Manufactuer 13,Product 14,5,8.214717517,18,57.46526657,4.237107382,95.76
Manufactuer 13,Product 15,5,8.097117332,9,96.32740142,1.480293566,98.52
Manufactuer 13,Product 16,5,2.761729592,12,3.024818978,3.864289849,96.14
Manufactuer 13,Product 17,11,6.593421301,5,49.35039937,0.210877634,99.79
Manufactuer 13,Product 18,4,2.197472404,5,98.41913962,1.530294005,98.47
Manufactuer 13,Product 19,5,8.264691886,23,58.07651667,1.954321411,98.05
Manufactuer 13,Product 20,5,5.813006616,5,73.7319476,2.021987299,97.98
Manufactuer 14,Product 1,5,9.761203838,1,36.11932771,1.811928702,98.19
Manufactuer 14,Product 2,5,6.773580799,34,36.94720159,4.036400562,95.96
Manufactuer 14,Product 3,9,9.147811545,11,7.057876147,0.131955444,99.87
Manufactuer 14,Product 4,2,7.296084834,16,11.37554933,3.158834366,96.84
Manufactuer 14,Product 5,6,0.188581286,22,45.50677802,4.611549931,95.39
Manufactuer 14,Product 6,3,4.155099979,8,31.5212205,1.895206105,98.1
Manufactuer 14,Product 7,3,13.48485522,5,38.58039963,0.14507799,99.85
Manufactuer 14,Product 8,1,1.116787065,7,70.65923912,2.908288091,97.09
Manufactuer 14,Product 9,2,6.358206741,23,67.8962955,1.977088167,98.02
Manufactuer 14,Product 10,5,5.665553308,5,60.2642032,2.111856141,97.89
Manufactuer 14,Product 11,3,5.34143174,3,37.57397184,0.332893632,99.67
Manufactuer 14,Product 12,3,6.371089922,10,46.22733803,0.894312183,99.11
Manufactuer 14,Product 13,5,5.219608446,21,41.13890837,2.183554825,97.82
Manufactuer 14,Product 14,8,0.032491017,3,51.090331,0.713957472,99.29
Manufactuer 14,Product 15,6,7.036826362,32,83.39324949,2.069411239,97.93
Manufactuer 14,Product 16,2,12.55166576,2,72.75648518,2.323653829,97.68
Manufactuer 14,Product 17,7,9.130153233,19,54.77735823,3.157747693,96.84
Manufactuer 14,Product 18,9,9.48240284,11,50.75864933,3.969096862,96.03
Manufactuer 14,Product 19,3,5.225814285,29,11.78402153,3.535975067,96.46
Manufactuer 14,Product 20,8,9.902143091,12,105.1933964,4.094140573,95.91
Manufactuer 15,Product 1,4,6.005247421,3,54.3414433,3.93472804,96.07
Manufactuer 15,Product 2,4,5.358877223,3,71.22270677,2.421769236,97.58
Manufactuer 15,Product 3,1,7.737625047,8,21.14300835,2.979636083,97.02
Manufactuer 15,Product 4,9,1.459348381,10,47.40489756,0.365719338,99.63
Manufactuer 15,Product 5,4,4.353818933,7,5.261481208,4.113270195,95.89
Manufactuer 15,Product 6,7,4.801514163,29,31.04946511,2.735776473,97.26
Manufactuer 15,Product 7,1,4.594803252,23,74.35022177,5.683194901,94.32
Manufactuer 15,Product 8,3,3.78271304,4,26.06972473,3.526596615,96.47
Manufactuer 15,Product 9,4,3.288295062,20,81.84524535,3.6028453,96.4
Manufactuer 15,Product 10,6,3.52137705,16,61.72189853,3.073724599,96.93
Manufactuer 15,Product 11,7,7.865372521,24,29.95878716,1.1920907,98.81
Manufactuer 15,Product 12,5,5.163483823,18,65.72798244,3.825201252,96.17
Manufactuer 15,Product 13,7,2.878611688,12,33.36715321,3.860921176,96.14
Manufactuer 15,Product 14,3,6.496903956,8,41.56022113,0.99147434,99.01
Manufactuer 15,Product 15,6,7.115520811,27,4.384279499,2.801733307,97.2
Manufactuer 15,Product 16,8,5.658203019,15,47.73927819,4.217924577,95.78
Manufactuer 15,Product 17,2,1.335435689,8,1.236268896,1.426683069,98.57
Manufactuer 15,Product 18,10,4.423677492,12,1.888908182,3.794774832,96.21
Manufactuer 15,Product 19,3,8.218891867,2,66.26503532,4.217470737,95.78
Manufactuer 15,Product 20,6,9.224667512,20,8.912818055,1.255950261,98.74
Manufactuer 16,Product 1,2,3.058661076,14,24.33126694,3.981147568,96.02
Manufactuer 16,Product 2,2,8.28875871,0,65.66115279,4.550852074,95.45
Manufactuer 16,Product 3,6,7.101578611,23,59.59237787,1.7835771,98.22
Manufactuer 16,Product 4,7,7.097343271,21,71.2866941,2.598414696,97.4
Manufactuer 16,Product 5,5,2.005363604,18,37.0459275,0.707842722,99.29
Manufactuer 16,Product 6,7,3.003596823,16,43.9423986,1.326492955,98.67
Manufactuer 16,Product 7,9,6.152888469,4,100.1626524,0.398886168,99.6
Manufactuer 16,Product 8,4,4.535343451,14,12.10996794,1.429020562,98.57
Manufactuer 16,Product 9,4,3.958421322,26,48.66234506,5.455738411,94.54
Manufactuer 16,Product 10,8,6.580541348,21,1.597222743,4.911095955,95.09
Manufactuer 16,Product 11,5,3.971829522,8,77.52441456,1.758041758,98.24
Manufactuer 16,Product 12,2,5.943142656,16,29.75224213,0.47639632,99.52
Manufactuer 16,Product 13,5,11.16985043,17,106.0186759,2.634408425,97.37
Manufactuer 16,Product 14,2,6.342293035,19,60.25840205,3.236306928,96.76
Manufactuer 16,Product 15,4,1.479792098,19,7.15633655,0.421190355,99.58
Manufactuer 16,Product 16,7,6.110791906,22,50.8404691,0.397359836,99.6
Manufactuer 16,Product 17,2,4.546187457,13,7.146394603,2.582781942,97.42
Manufactuer 16,Product 18,6,1.966130473,12,39.85958023,1.672599382,98.33
Manufactuer 16,Product 19,1,5.158931842,28,82.87703467,0.956983036,99.04
Manufactuer 16,Product 20,3,3.611693287,5,34.3474042,4.614981897,95.39
Manufactuer 17,Product 1,9,3.576397402,3,71.21814817,4.477380976,95.52
Manufactuer 17,Product 2,3,5.673271424,1,11.81252276,1.939909606,98.06
Manufactuer 17,Product 3,3,8.573361108,18,47.80048074,3.145200718,96.85
Manufactuer 17,Product 4,8,7.08267559,25,58.21879606,2.535992569,97.46
Manufactuer 17,Product 5,6,5.94001666,13,93.52750004,1.809273196,98.19
Manufactuer 17,Product 6,10,3.820967865,20,23.91506015,1.791942617,98.21
Manufactuer 17,Product 7,3,8.059858801,2,63.29635506,3.667191636,96.33
Manufactuer 17,Product 8,4,5.60267871,2,47.72565727,2.600276477,97.4
Manufactuer 17,Product 9,3,7.393481884,26,61.91988394,1.536197736,98.46
Manufactuer 17,Product 10,8,6.423821731,21,27.55595851,3.098375728,96.9
Manufactuer 17,Product 11,7,7.399036348,4,45.93711803,3.047168657,96.95
Manufactuer 17,Product 12,10,2.59367471,12,24.050024,1.597040629,98.4
Manufactuer 17,Product 13,4,3.317266881,1,9.406110301,3.149472021,96.85
Manufactuer 17,Product 14,6,7.863119628,12,47.90507197,0.627664356,99.37
Manufactuer 17,Product 15,3,3.079515896,18,75.01367878,3.516046219,96.48
Manufactuer 17,Product 16,7,5.339495614,17,42.22244541,1.470839564,98.53
Manufactuer 17,Product 17,6,6.12313177,28,22.03213638,3.915453441,96.08
Manufactuer 17,Product 18,1,3.268322804,33,44.95943686,2.604010728,97.4
Manufactuer 17,Product 19,7,4.161419666,23,54.32658925,3.202547875,96.8
Manufactuer 17,Product 20,3,7.867606233,10,31.83225275,0.793302022,99.21
Manufactuer 18,Product 1,2,5.159192818,1,18.3591384,1.591234998,98.41
Manufactuer 18,Product 2,4,5.424274574,14,43.02633841,2.366905983,97.63
Manufactuer 18,Product 3,5,4.489370239,0,9.80672876,2.960035157,97.04
Manufactuer 18,Product 4,9,3.167937465,23,92.05736959,1.947471952,98.05
Manufactuer 18,Product 5,2,9.804564223,10,85.49833661,2.322496946,97.68
Manufactuer 18,Product 6,5,4.211014457,25,27.68664713,3.749329901,96.25
Manufactuer 18,Product 7,6,1.614857616,11,87.60634838,2.070913435,97.93
Manufactuer 18,Product 8,8,6.399335659,32,64.59024757,0.676489727,99.32
Manufactuer 18,Product 9,2,0.904135874,9,41.93430863,4.177547165,95.82
Manufactuer 18,Product 10,4,0.654834256,30,55.90659144,2.97368898,97.03
Manufactuer 18,Product 11,0,2.787107512,20,44.58276387,0.111063369,99.89
Manufactuer 18,Product 12,1,2.185268839,18,79.61905622,1.557406617,98.44
Manufactuer 18,Product 13,5,9.368463394,23,47.39704969,2.432720275,97.57
Manufactuer 18,Product 14,4,2.520922346,29,39.06193747,3.378255113,96.62
Manufactuer 18,Product 15,5,1.269811715,23,93.33547522,1.792770921,98.21
Manufactuer 18,Product 16,2,8.727943639,10,70.00515998,4.007777876,95.99
Manufactuer 18,Product 17,8,3.932271013,21,77.83108436,4.672001499,95.33
Manufactuer 18,Product 18,8,3.371767596,17,49.62262873,0.346895533,99.65
Manufactuer 18,Product 19,6,4.550050508,23,73.92711641,3.574613877,96.43
Manufactuer 18,Product 20,6,6.539673381,16,17.02575223,1.333969392,98.67
Manufactuer 19,Product 1,5,3.635636025,16,77.34278382,4.723688886,95.28
Manufactuer 19,Product 2,2,6.158042819,0,64.44525206,4.27141104,95.73
Manufactuer 19,Product 3,6,1.815178151,1,81.86927861,3.471001736,96.53
Manufactuer 19,Product 4,5,8.224772442,1,71.69292599,3.204632853,96.8
Manufactuer 19,Product 5,7,6.4389169,9,53.04164701,6.382345725,93.62
Manufactuer 19,Product 6,6,8.773192558,8,93.26046636,1.792893446,98.21
Manufactuer 19,Product 7,1,5.779391464,7,106.8586484,0.422822573,99.58
Manufactuer 19,Product 8,4,6.618480308,21,57.10427407,1.21210024,98.79
Manufactuer 19,Product 9,5,2.883356839,4,30.28572919,1.956714425,98.04
Manufactuer 19,Product 10,3,10.48302266,19,1.402959348,1.805641216,98.19
Manufactuer 19,Product 11,9,2.715002465,11,30.55863242,1.021055267,98.98
Manufactuer 19,Product 12,7,4.189226577,7,55.74046336,3.122463694,96.88
Manufactuer 19,Product 13,3,6.76922671,17,64.32168767,4.142518675,95.86
Manufactuer 19,Product 14,6,7.85225774,11,6.757063182,3.364926133,96.64
Manufactuer 19,Product 15,4,5.822967844,18,22.5483088,1.758998414,98.24
Manufactuer 19,Product 16,10,4.409814501,10,16.04049032,3.188549872,96.81
Manufactuer 19,Product 17,11,4.175584589,20,22.08880702,2.594967545,97.41
Manufactuer 19,Product 18,3,6.91120171,18,39.96829384,2.505171908,97.49
Manufactuer 19,Product 19,5,3.946975085,16,31.74360982,2.96735295,97.03
Manufactuer 19,Product 20,5,1.645950058,9,47.84820803,3.10379397,96.9
Manufactuer 20,Product 1,4,3.319455874,20,37.42798326,2.522784459,97.48
Manufactuer 20,Product 2,3,6.560654441,17,6.61412235,3.683453106,96.32
Manufactuer 20,Product 3,6,6.805106103,13,3.508880139,2.220353419,97.78
Manufactuer 20,Product 4,0,3.884494776,15,0.590667572,2.013213174,97.99
Manufactuer 20,Product 5,5,1.813465349,19,49.70255927,0.563010701,99.44
Manufactuer 20,Product 6,4,4.848330802,9,38.49650073,3.877036066,96.12
Manufactuer 20,Product 7,9,11.07437506,21,87.4625123,1.267982723,98.73
Manufactuer 20,Product 8,6,1.486212866,15,9.688389836,2.960127462,97.04
Manufactuer 20,Product 9,1,8.95266689,10,72.27551363,3.326008409,96.67
Manufactuer 20,Product 10,7,4.721021001,21,53.72370511,0.703093666,99.3
Manufactuer 20,Product 11,6,5.692423265,21,73.66671636,2.022834093,97.98
Manufactuer 20,Product 12,2,6.154649745,13,27.25457718,3.192436837,96.81
Manufactuer 20,Product 13,6,2.427294582,24,59.42506953,3.109428954,96.89
Manufactuer 20,Product 14,4,4.575893173,8,88.47696865,1.311943369,98.69
Manufactuer 20,Product 15,9,5.157242389,5,32.86216054,1.083539719,98.92
Manufactuer 20,Product 16,3,1.604910535,21,64.0070607,0.409276969,99.59
Manufactuer 20,Product 17,4,8.70059746,26,10.03347263,1.99897758,98
Manufactuer 20,Product 18,2,3.338531706,22,50.71425697,1.262719615,98.74
Manufactuer 20,Product 19,3,8.364979029,0,27.95929664,6.02582357,93.97
Manufactuer 20,Product 20,4,2.220486408,18,41.39933436,0.640207825,99.36
Manufactuer 21,Product 1,11,4.468486014,4,72.56186099,3.533788821,96.47
Manufactuer 21,Product 2,6,7.415027415,0,9.17591784,1.968105165,98.03
Manufactuer 21,Product 3,6,9.700424262,5,12.9724392,0.813898459,99.19
Manufactuer 21,Product 4,6,4.411845177,15,60.06863962,4.912425385,95.09
Manufactuer 21,Product 5,2,5.209047686,28,95.40470897,2.130447148,97.87
Manufactuer 21,Product 6,4,8.61612874,32,6.900101637,2.496081296,97.5
Manufactuer 21,Product 7,6,6.221493789,24,15.99813279,3.30933769,96.69
Manufactuer 21,Product 8,3,7.483847372,18,75.62215672,1.942554517,98.06
Manufactuer 21,Product 9,7,7.015981131,17,97.91018654,4.955839316,95.04
Manufactuer 21,Product 10,5,4.882926974,19,49.73911843,0.3846015,99.62
Manufactuer 21,Product 11,11,7.478590812,26,50.13283309,4.656080924,95.34
Manufactuer 21,Product 12,3,7.03249855,7,60.24757521,3.576145787,96.42
Manufactuer 21,Product 13,5,8.996898839,14,40.48957253,3.922431737,96.08
Manufactuer 21,Product 14,9,3.576043179,20,36.62374737,2.785421869,97.21
Manufactuer 21,Product 15,9,5.861049952,13,95.17815782,1.402201067,98.6
Manufactuer 21,Product 16,5,5.535720681,4,43.60644913,2.139290307,97.86
Manufactuer 21,Product 17,7,5.988672367,17,10.98723752,3.160536773,96.84
Manufactuer 21,Product 18,10,6.038432556,14,65.25161212,1.167334842,98.83
Manufactuer 21,Product 19,2,1.845712583,11,77.56455423,5.373831357,94.63
Manufactuer 21,Product 20,7,4.752512325,19,51.11515141,2.27934212,97.72
Manufactuer 22,Product 1,8,5.897620875,12,23.97963718,3.256205199,96.74
Manufactuer 22,Product 2,4,8.183887053,4,33.72970073,1.792865482,98.21
Manufactuer 22,Product 3,1,8.190109279,19,22.35136001,3.810051493,96.19
Manufactuer 22,Product 4,3,6.669442303,17,71.15898893,4.456500676,95.54
Manufactuer 22,Product 5,7,2.202797485,16,84.03004909,1.149033777,98.85
Manufactuer 22,Product 6,1,7.246475991,16,42.36538116,0.166967678,99.83
Manufactuer 22,Product 7,1,7.693401559,9,24.62306155,1.916326525,98.08
Manufactuer 22,Product 8,4,2.89639752,4,42.64367888,1.522848405,98.48
Manufactuer 22,Product 9,6,5.92347549,23,19.16515238,2.130169864,97.87
Manufactuer 22,Product 10,8,5.398170519,20,75.94808605,0.061666397,99.94
Manufactuer 22,Product 11,7,3.462301902,18,48.42484405,2.461470657,97.54
Manufactuer 22,Product 12,4,2.085495524,18,55.37242567,2.508006842,97.49
Manufactuer 22,Product 13,8,3.558052725,23,84.72450296,3.49982395,96.5
Manufactuer 22,Product 14,9,6.171825492,17,21.80219957,0.0562498,99.94
Manufactuer 22,Product 15,7,8.064820388,6,40.42584183,3.371852381,96.63
Manufactuer 22,Product 16,7,10.08812214,12,22.3504292,4.196579215,95.8
Manufactuer 22,Product 17,2,5.223700423,20,38.37824497,0.626707436,99.37
Manufactuer 22,Product 18,8,6.402323615,13,76.77961207,0.720624901,99.28
Manufactuer 22,Product 19,7,8.406499449,23,24.98263506,2.950963177,97.05
Manufactuer 22,Product 20,4,4.226636703,6,70.04253689,1.32179809,98.68
Manufactuer 23,Product 1,8,4.686259794,8,30.08405037,1.122954391,98.88
Manufactuer 23,Product 2,6,4.575738426,0,30.44971352,0.395234239,99.6
Manufactuer 23,Product 3,12,6.05565885,2,90.77388238,3.001682441,97
Manufactuer 23,Product 4,13,11.31631307,1,49.22409863,5.14558297,94.85
Manufactuer 23,Product 5,3,7.345960582,32,12.70892344,2.918817409,97.08
Manufactuer 23,Product 6,4,9.548878518,14,72.70776479,0.846570162,99.15
Manufactuer 23,Product 7,5,10.44253198,23,93.24236009,2.419059633,97.58
Manufactuer 23,Product 8,8,2.329146702,22,60.7782777,2.411990194,97.59
Manufactuer 23,Product 9,14,5.551488565,1,33.06605219,1.890099675,98.11
Manufactuer 23,Product 10,2,5.871566781,19,57.2059665,2.355101433,97.64
Manufactuer 23,Product 11,5,8.391229653,26,55.54748037,1.52657257,98.47
Manufactuer 23,Product 12,11,3.491021084,11,5.170176888,4.417685263,95.58
Manufactuer 23,Product 13,8,3.890547916,3,92.0651606,3.145579523,96.85
Manufactuer 23,Product 14,4,4.341365716,20,81.40864364,0.310385616,99.69
Manufactuer 23,Product 15,10,10.21939118,2,8.701455004,2.538938717,97.46
Manufactuer 23,Product 16,0,8.811662012,20,51.12087303,3.58881983,96.41
Manufactuer 23,Product 17,5,3.271177237,17,64.30328115,1.48025498,98.52
Manufactuer 23,Product 18,8,2.376861321,32,29.97593135,1.983979683,98.02
Manufactuer 23,Product 19,6,9.239201774,14,47.15442793,2.09586967,97.9
Manufactuer 23,Product 20,5,5.604623935,29,32.94043946,3.965764793,96.03
Manufactuer 24,Product 1,8,4.882057886,18,31.26753579,3.465843148,96.53
Manufactuer 24,Product 2,4,1.66047621,17,56.1039036,1.173483417,98.83
Manufactuer 24,Product 3,8,6.847233007,15,42.16353098,2.752319558,97.25
Manufactuer 24,Product 4,1,7.282488809,16,40.22077126,0.753610331,99.25
Manufactuer 24,Product 5,6,2.578846965,9,44.57316299,2.676937115,97.32
Manufactuer 24,Product 6,3,5.367343989,4,27.3343689,3.301193432,96.7
Manufactuer 24,Product 7,4,5.558961753,3,71.32194513,0.902667958,99.1
Manufactuer 24,Product 8,5,6.918138515,11,24.30972317,1.017596471,98.98
Manufactuer 24,Product 9,3,5.243984432,8,33.19533033,1.236432524,98.76
Manufactuer 24,Product 10,9,11.2345745,12,84.25159871,3.164264112,96.84
Manufactuer 24,Product 11,6,6.576982826,15,82.4246646,1.794441745,98.21
Manufactuer 24,Product 12,11,4.129998419,11,57.59774932,2.068319336,97.93
Manufactuer 24,Product 13,4,0.203318299,10,35.06371713,2.067447729,97.93
Manufactuer 24,Product 14,6,10.08825849,24,52.58904719,0.192932325,99.81
Manufactuer 24,Product 15,6,6.65136507,17,0.484228695,3.673323661,96.33
Manufactuer 24,Product 16,2,6.361751241,16,12.19892409,1.91035521,98.09
Manufactuer 24,Product 17,5,3.058637227,24,32.43422747,0.879740813,99.12
Manufactuer 24,Product 18,5,3.250593476,12,84.39881218,2.80235621,97.2
Manufactuer 24,Product 19,8,6.826229506,13,33.90664206,0.269795172,99.73
Manufactuer 24,Product 20,8,8.94788367,21,34.24787074,2.261637049,97.74
Manufactuer 25,Product 1,6,3.60374708,20,96.42874745,1.726619797,98.27
Manufactuer 25,Product 2,9,5.999357391,4,60.06013838,2.48923037,97.51
Manufactuer 25,Product 3,8,6.923524182,23,87.5879287,2.593406169,97.41
Manufactuer 25,Product 4,3,3.065087343,18,47.13660791,3.610927461,96.39
Manufactuer 25,Product 5,6,9.717254486,12,45.53424998,3.665509477,96.33
Manufactuer 25,Product 6,3,3.293026778,23,84.53583583,1.664850649,98.34
Manufactuer 25,Product 7,7,8.363898937,2,48.25075927,3.626410101,96.37
Manufactuer 25,Product 8,4,7.470889831,1,12.59363075,1.738556524,98.26
Manufactuer 25,Product 9,3,4.073510603,9,50.1195292,1.580484258,98.42
Manufactuer 25,Product 10,3,0.631604092,24,48.93744217,3.096361988,96.9
Manufactuer 25,Product 11,10,3.040678613,18,38.14562785,3.692083962,96.31
Manufactuer 25,Product 12,4,6.474764833,22,42.15183136,3.100137578,96.9
Manufactuer 25,Product 13,3,10.17390394,10,34.22995512,3.426735707,96.57
Manufactuer 25,Product 14,4,5.19049167,25,30.62846884,2.107081081,97.89
Manufactuer 25,Product 15,1,8.672035212,17,52.96046482,2.275353118,97.72
Manufactuer 25,Product 16,1,4.48414919,22,41.25040645,1.491643442,98.51
Manufactuer 25,Product 17,9,7.678934985,30,32.30769921,3.320465997,96.68
Manufactuer 25,Product 18,4,9.582173462,20,72.41059759,3.375180798,96.62
Manufactuer 25,Product 19,6,4.710695997,22,72.59329181,3.901981504,96.1
Manufactuer 25,Product 20,6,3.435155895,17,45.24418476,2.11613674,97.88
Manufactuer 26,Product 1,7,5.207831563,3,90.83398093,3.666446574,96.33
Manufactuer 26,Product 2,8,3.648865915,11,38.23906642,2.810956668,97.19
Manufactuer 26,Product 3,1,4.02581962,5,70.62330187,1.972832488,98.03
Manufactuer 26,Product 4,6,3.70594625,4,56.5580559,1.022872196,98.98
Manufactuer 26,Product 5,6,8.366848538,1,24.81533713,1.192509563,98.81
Manufactuer 26,Product 6,4,4.486283217,26,26.40297799,2.402892765,97.6
Manufactuer 26,Product 7,1,6.485131725,26,96.40031682,0.287984983,99.71
Manufactuer 26,Product 8,7,5.453885251,27,40.16046615,1.708006867,98.29
Manufactuer 26,Product 9,5,5.527920683,12,29.29780429,1.001815535,99
Manufactuer 26,Product 10,4,11.15659408,24,43.31905016,3.559306689,96.44
Manufactuer 26,Product 11,8,0.141680945,24,30.85704988,0.971581449,99.03
Manufactuer 26,Product 12,4,5.106433995,21,22.31652364,1.553108901,98.45
Manufactuer 26,Product 13,4,5.634941229,12,35.04712151,2.935773382,97.06
Manufactuer 26,Product 14,4,6.555175112,0,51.79779548,1.852785362,98.15
Manufactuer 26,Product 15,8,6.453222087,28,75.35797662,3.353909047,96.65
Manufactuer 26,Product 16,4,11.26470884,13,48.27241801,3.522341221,96.48
Manufactuer 26,Product 17,10,4.785666458,16,13.4599877,1.68099894,98.32
Manufactuer 26,Product 18,5,1.104847998,8,39.70070621,0.918388213,99.08
Manufactuer 26,Product 19,6,6.359334795,12,42.14960328,1.13611646,98.86
Manufactuer 26,Product 20,1,7.825226498,18,62.63217404,3.394630422,96.61
Manufactuer 27,Product 1,0,6.025352519,18,32.65018324,2.181804446,97.82
Manufactuer 27,Product 2,0,3.930967212,12,88.31933341,2.068794664,97.93
Manufactuer 27,Product 3,3,8.937352872,19,65.66267165,3.549427921,96.45
Manufactuer 27,Product 4,4,7.397619529,7,44.59125832,0.377840831,99.62
Manufactuer 27,Product 5,6,5.535753026,16,0.570760567,2.967802273,97.03
Manufactuer 27,Product 6,2,13.07777655,18,26.53243312,1.211340114,98.79
Manufactuer 27,Product 7,5,2.749147796,6,35.98175916,3.504919109,96.5
Manufactuer 27,Product 8,3,6.025426436,7,83.04743505,1.206863862,98.79
Manufactuer 27,Product 9,8,2.156024935,0,52.0038124,2.206832144,97.79
Manufactuer 27,Product 10,5,7.222216551,9,48.62046138,1.963968581,98.04
Manufactuer 27,Product 11,4,5.103473627,14,72.64669288,2.212159973,97.79
Manufactuer 27,Product 12,8,13.66805351,5,35.4446838,1.126235264,98.87
Manufactuer 27,Product 13,7,1.019487571,10,10.75427282,0.646604559,99.35
Manufactuer 27,Product 14,1,2.790994748,13,50.51892433,1.990741227,98.01
Manufactuer 27,Product 15,2,3.211327166,27,115.7119437,2.811099999,97.19
Manufactuer 27,Product 16,9,7.520467227,18,44.52332374,1.394083694,98.61
Manufactuer 27,Product 17,3,1.740004693,16,52.24195502,0.87588005,99.12
Manufactuer 27,Product 18,4,7.314740491,13,14.31102348,3.152863108,96.85
Manufactuer 27,Product 19,4,9.655703814,18,90.37745101,1.608576651,98.39
Manufactuer 27,Product 20,8,5.450351481,35,34.10813225,1.981906935,98.02
Manufactuer 28,Product 1,7,7.242140092,13,52.59934209,1.822665751,98.18
Manufactuer 28,Product 2,5,3.418763269,20,12.61010943,4.921837098,95.08
Manufactuer 28,Product 3,9,3.629401598,4,14.99223978,1.675476048,98.32
Manufactuer 28,Product 4,1,10.96871588,28,12.95424754,0.810850073,99.19
Manufactuer 28,Product 5,5,5.175097464,8,25.17108538,3.153138031,96.85
Manufactuer 28,Product 6,12,6.820986757,12,25.74031953,2.951881852,97.05
Manufactuer 28,Product 7,3,7.609174411,9,19.09170737,1.258454285,98.74
Manufactuer 28,Product 8,4,5.589306822,9,39.67021183,3.372218436,96.63
Manufactuer 28,Product 9,1,5.562264625,4,72.35317332,2.197622994,97.8
Manufactuer 28,Product 10,13,10.37265652,21,92.28820228,3.475579145,96.52
Manufactuer 28,Product 11,6,11.12312899,10,57.68542482,3.392890821,96.61
Manufactuer 28,Product 12,4,6.783543115,27,84.09525776,3.042241682,96.96
Manufactuer 28,Product 13,8,7.663976532,20,0.804595474,1.157971326,98.84
Manufactuer 28,Product 14,4,5.552968276,26,68.69886836,0.716596358,99.28
Manufactuer 28,Product 15,0,0.679079871,13,34.99916063,3.679983566,96.32
Manufactuer 28,Product 16,2,10.87565349,11,53.67003641,0.930625264,99.07
Manufactuer 28,Product 17,4,11.17367291,14,35.7688815,2.877216362,97.12
Manufactuer 28,Product 18,4,10.01035145,36,49.68874618,0.263809834,99.74
Manufactuer 28,Product 19,8,4.468851346,28,63.38393894,4.273221709,95.73
Manufactuer 28,Product 20,4,1.586468,4,128.9340685,4.77448324,95.23
Manufactuer 29,Product 1,5,3.324539128,4,56.39413163,2.883406538,97.12
Manufactuer 29,Product 2,8,7.478873221,27,85.54606323,1.332877232,98.67
Manufactuer 29,Product 3,7,4.85641695,5,54.26045263,2.85619381,97.14
Manufactuer 29,Product 4,4,7.706421811,2,98.4897395,5.385911688,94.61
Manufactuer 29,Product 5,5,5.754950348,16,81.07824227,0.652612354,99.35
Manufactuer 29,Product 6,3,7.543400263,26,68.98063514,4.193571754,95.81
Manufactuer 29,Product 7,8,6.063203938,14,92.87792095,2.489027262,97.51
Manufactuer 29,Product 8,4,6.159539338,3,107.1855205,4.90526968,95.09
Manufactuer 29,Product 9,5,5.389726905,15,3.251259802,2.870959446,97.13
Manufactuer 29,Product 10,4,8.438455516,21,39.47428473,2.39815385,97.6
Manufactuer 29,Product 11,9,1.594373673,1,19.19533352,0.175625652,99.82
Manufactuer 29,Product 12,4,7.653341321,9,60.33071322,1.413400717,98.59
Manufactuer 29,Product 13,7,3.025059098,3,13.74105498,0.706696596,99.29
Manufactuer 29,Product 14,8,8.650877885,23,29.813819,3.790425529,96.21
Manufactuer 29,Product 15,9,2.126764969,26,25.38596197,3.428059194,96.57
Manufactuer 29,Product 16,7,0.487018752,20,70.96171903,2.780336672,97.22
Manufactuer 29,Product 17,1,4.06807537,8,10.53223195,3.300999251,96.7
Manufactuer 29,Product 18,6,9.002513318,12,49.58565973,3.604929597,96.4
Manufactuer 29,Product 19,8,6.524145264,23,64.46448094,3.688925514,96.31
Manufactuer 29,Product 20,8,2.86401995,24,7.12957035,3.814020272,96.19
Manufactuer 30,Product 1,0,5.876057827,24,46.66978986,1.035997663,98.96
Manufactuer 30,Product 2,7,0.355536883,4,37.39592856,4.65525146,95.34
Manufactuer 30,Product 3,4,4.534630308,17,28.0991736,2.269716158,97.73
Manufactuer 30,Product 4,2,6.104107458,20,26.81084679,3.141923531,96.86
Manufactuer 30,Product 5,4,5.992788204,34,71.91273775,0.175861075,99.82
Manufactuer 30,Product 6,9,3.426548752,6,48.07671819,3.587334381,96.41
Manufactuer 30,Product 7,1,7.361823928,21,79.48817977,2.468862107,97.53
Manufactuer 30,Product 8,4,7.022641607,31,47.56388451,2.611854994,97.39
Manufactuer 30,Product 9,9,5.697629272,10,16.50258153,1.065106372,98.93
Manufactuer 30,Product 10,7,7.327596242,10,59.8764108,3.006339566,96.99
Manufactuer 30,Product 11,8,1.151657671,1,25.49048269,2.617274072,97.38
Manufactuer 30,Product 12,5,6.282128079,23,53.53969094,2.20063283,97.8
Manufactuer 30,Product 13,2,4.696506105,0,31.43199004,1.024569521,98.98
Manufactuer 30,Product 14,3,1.966958681,13,65.06325628,1.660829859,98.34
Manufactuer 30,Product 15,7,3.288741368,17,77.25633995,2.138336642,97.86
Manufactuer 30,Product 16,13,5.427580592,15,11.71189463,3.275944727,96.72
Manufactuer 30,Product 17,3,6.372114489,15,34.62313121,0.460457124,99.54
Manufactuer 30,Product 18,12,7.266410173,13,58.29176537,0.177980732,99.82
Manufactuer 30,Product 19,0,10.33459286,27,38.8554323,4.134078681,95.87
Manufactuer 30,Product 20,5,2.88236694,4,72.72786774,0.927684472,99.07
Manufactuer 31,Product 1,5,10.12171366,19,58.05835005,3.256839652,96.74
Manufactuer 31,Product 2,5,6.602335511,18,73.48935103,3.321365643,96.68
Manufactuer 31,Product 3,1,5.865433979,17,54.84571905,1.171115918,98.83
Manufactuer 31,Product 4,3,3.472544412,10,64.17023766,1.318462793,98.68
Manufactuer 31,Product 5,6,8.767808568,1,44.34165021,2.322242437,97.68
Manufactuer 31,Product 6,9,5.269334327,3,83.49423852,0.766169488,99.23
Manufactuer 31,Product 7,10,5.462002792,10,16.86193042,1.813497993,98.19
Manufactuer 31,Product 8,5,0.935732747,7,41.99065516,2.033928592,97.97
Manufactuer 31,Product 9,1,2.251140408,15,88.21743241,0.529535,99.47
Manufactuer 31,Product 10,3,3.511148822,24,67.67829787,1.303262609,98.7
Manufactuer 31,Product 11,8,3.23745708,14,36.64947495,3.906327032,96.09
Manufactuer 31,Product 12,2,5.189516926,24,118.5125668,1.537873447,98.46
Manufactuer 31,Product 13,5,7.758889884,27,26.11557904,3.905707194,96.09
Manufactuer 31,Product 14,6,3.480573092,19,72.55270608,1.541497105,98.46
Manufactuer 31,Product 15,8,3.075134518,21,87.4268799,3.426509341,96.57
Manufactuer 31,Product 16,3,4.799957696,5,65.09705156,2.848641067,97.15
Manufactuer 31,Product 17,4,6.07787178,6,80.79418695,0.58733243,99.41
Manufactuer 31,Product 18,6,7.188209474,9,94.79177501,1.047773129,98.95
Manufactuer 31,Product 19,5,5.468200054,6,67.90619283,3.254365622,96.75
Manufactuer 31,Product 20,10,4.50356876,20,33.87797847,0.12127052,99.88
Manufactuer 32,Product 1,6,5.316582306,1,82.67077235,2.99442886,97.01
Manufactuer 32,Product 2,2,1.118684408,8,73.31675798,2.027930928,97.97
Manufactuer 32,Product 3,8,6.726129593,1,47.12389647,4.387582359,95.61
Manufactuer 32,Product 4,7,6.795897054,5,65.35133647,2.603846696,97.4
Manufactuer 32,Product 5,6,6.14902901,15,29.74729916,3.27166422,96.73
Manufactuer 32,Product 6,8,8.380961264,10,59.2190304,3.87908428,96.12
Manufactuer 32,Product 7,4,5.93146317,22,10.77383368,2.802548767,97.2
Manufactuer 32,Product 8,1,3.241141344,8,61.4810845,2.254649287,97.75
Manufactuer 32,Product 9,3,7.169554849,1,9.28996853,2.912553069,97.09
Manufactuer 32,Product 10,6,2.947002162,20,62.41302561,1.163691842,98.84
Manufactuer 32,Product 11,8,1.677723967,14,34.73986161,1.869760349,98.13
Manufactuer 32,Product 12,10,4.853522395,15,53.16597137,0.60501693,99.39
Manufactuer 32,Product 13,6,3.420416253,17,34.13511811,2.787982587,97.21
Manufactuer 32,Product 14,4,1.180089977,13,35.38622921,4.573759793,95.43
Manufactuer 32,Product 15,2,6.00619082,27,64.66559117,1.175916025,98.82
Manufactuer 32,Product 16,8,7.196365111,11,15.92796701,0.901330462,99.1
Manufactuer 32,Product 17,7,7.603133015,39,19.07512276,0.966438207,99.03
Manufactuer 32,Product 18,7,4.973380619,24,47.36234815,1.653482033,98.35
Manufactuer 32,Product 19,7,0.7155049,16,69.09009402,1.801590585,98.2
Manufactuer 32,Product 20,7,6.288399127,10,0.949349627,5.000035244,95
Manufactuer 33,Product 1,4,9.208565952,18,0.052455749,1.150382925,98.85
Manufactuer 33,Product 2,12,0.571414343,22,41.93291923,3.702223191,96.3
Manufactuer 33,Product 3,8,3.688341948,7,58.21520253,3.588470462,96.41
Manufactuer 33,Product 4,7,3.299934983,21,66.19506808,0.058852266,99.94
Manufactuer 33,Product 5,2,3.313328325,14,43.98862215,2.614395704,97.39
Manufactuer 33,Product 6,4,4.706390759,9,30.71384886,2.405016001,97.59
Manufactuer 33,Product 7,7,0.982545261,16,40.99637141,1.546982088,98.45
Manufactuer 33,Product 8,6,6.656938379,14,59.96290671,1.87645859,98.12
Manufactuer 33,Product 9,13,5.390895569,28,58.38001701,3.37805234,96.62
Manufactuer 33,Product 10,4,8.217727093,2,29.19801331,4.127474372,95.87
Manufactuer 33,Product 11,10,5.595394512,23,64.221257,0.444676723,99.56
Manufactuer 33,Product 12,4,5.218836855,9,74.93014567,2.39339068,97.61
Manufactuer 33,Product 13,7,6.169789376,26,27.05541183,0.691176625,99.31
Manufactuer 33,Product 14,10,9.939601156,17,54.53821711,0.17499485,99.83
Manufactuer 33,Product 15,3,7.576621217,19,57.98095707,2.390432936,97.61
Manufactuer 33,Product 16,3,8.212355135,27,18.6682545,2.758021962,97.24
Manufactuer 33,Product 17,6,5.62507882,22,2.871654496,1.71497594,98.29
Manufactuer 33,Product 18,2,6.534173526,16,9.014059866,1.475357033,98.52
Manufactuer 33,Product 19,2,10.42148919,9,9.736719582,0.87498037,99.13
Manufactuer 33,Product 20,4,5.998894041,13,33.66431947,3.572948286,96.43
Manufactuer 34,Product 1,10,4.888301868,20,43.94831136,3.0136273,96.99
Manufactuer 34,Product 2,2,8.218569848,27,24.88069285,4.632592992,95.37
Manufactuer 34,Product 3,5,9.403888655,12,18.35727596,3.325023672,96.67
Manufactuer 34,Product 4,5,0.070959749,8,18.22313837,0.074385244,99.93
Manufactuer 34,Product 5,5,4.035573632,18,36.69933797,3.375504496,96.62
Manufactuer 34,Product 6,2,4.290390123,2,13.65703455,2.153493489,97.85
Manufactuer 34,Product 7,3,3.240377299,13,36.44233045,1.505392696,98.49
Manufactuer 34,Product 8,5,2.702209585,18,7.01077454,3.087844551,96.91
Manufactuer 34,Product 9,3,2.201343671,10,17.3712842,1.786258946,98.21
Manufactuer 34,Product 10,1,4.523943124,11,27.59236309,0.021169821,99.98
Manufactuer 34,Product 11,6,4.082455093,12,93.8810064,1.076015544,98.92
Manufactuer 34,Product 12,3,4.952689093,9,80.36460002,0.81259218,99.19
Manufactuer 34,Product 13,5,5.194135141,14,69.25627166,0.94635387,99.05
Manufactuer 34,Product 14,7,4.77766205,7,22.2755988,2.889275669,97.11
Manufactuer 34,Product 15,8,5.818361683,14,15.88055653,1.198595355,98.8
Manufactuer 34,Product 16,3,5.627684292,19,56.52754336,3.295842471,96.7
Manufactuer 34,Product 17,8,3.975033521,0,21.62513956,1.242983188,98.76
Manufactuer 34,Product 18,7,3.576107029,6,15.6419552,1.032368697,98.97
Manufactuer 34,Product 19,0,2.260525842,18,17.44144215,0.16827828,99.83
Manufactuer 34,Product 20,2,8.113196439,9,53.2704183,1.899744789,98.1
Manufactuer 35,Product 1,10,1.994828267,13,38.61162652,1.199001021,98.8
Manufactuer 35,Product 2,4,3.472288269,6,21.0406171,2.261044005,97.74
Manufactuer 35,Product 3,4,3.948502504,11,84.11250493,2.59479254,97.41
Manufactuer 35,Product 4,2,6.842916216,14,48.86675245,2.155931691,97.84
Manufactuer 35,Product 5,4,1.964732913,23,14.23611953,0.898036907,99.1
Manufactuer 35,Product 6,4,5.423219441,11,54.62405489,2.18578563,97.81
Manufactuer 35,Product 7,5,10.88097458,20,66.97154157,2.510421226,97.49
Manufactuer 35,Product 8,5,5.940914848,27,88.36711624,1.516547633,98.48
Manufactuer 35,Product 9,9,6.153960083,10,17.51296498,3.341222113,96.66
Manufactuer 35,Product 10,1,5.253748169,11,32.4639521,0.040509603,99.96
Manufactuer 35,Product 11,4,6.894934621,7,10.32412541,1.471156007,98.53
Manufactuer 35,Product 12,2,8.977875999,19,12.24820135,1.234425162,98.77
Manufactuer 35,Product 13,9,8.123285254,14,63.99552708,0.87087055,99.13
Manufactuer 35,Product 14,9,4.263918159,26,38.93259675,2.308383423,97.69
Manufactuer 35,Product 15,3,5.80397422,13,39.96332591,2.878367464,97.12
Manufactuer 35,Product 16,1,3.731599589,19,42.24253744,2.344238597,97.66
Manufactuer 35,Product 17,7,9.116293737,16,37.57436935,0.036901105,99.96
Manufactuer 35,Product 18,4,4.839367331,28,57.93470254,2.687797301,97.31
Manufactuer 35,Product 19,11,8.46887074,11,44.37583746,0.4438222,99.56
Manufactuer 35,Product 20,2,7.449126217,12,57.69798368,0.396359328,99.6
Manufactuer 36,Product 1,5,6.883181189,12,25.01169608,3.412023718,96.59
Manufactuer 36,Product 2,6,3.40528274,18,64.70711108,1.349755577,98.65
Manufactuer 36,Product 3,8,7.180113646,13,86.16581573,1.665957638,98.33
Manufactuer 36,Product 4,5,8.214142597,23,39.71552014,0.351874865,99.65
Manufactuer 36,Product 5,6,3.599767828,30,68.8185145,2.890956769,97.11
Manufactuer 36,Product 6,7,3.732937081,26,38.01665595,1.62176899,98.38
Manufactuer 36,Product 7,4,3.976717407,8,35.40960074,4.325742547,95.67
Manufactuer 36,Product 8,7,6.382492851,15,35.92079016,3.71594431,96.28
Manufactuer 36,Product 9,9,3.001342723,23,60.72776774,2.221017496,97.78
Manufactuer 36,Product 10,8,6.941738199,8,77.14264326,0.115364791,99.88
Manufactuer 36,Product 11,9,2.657277137,31,30.5298985,2.384232552,97.62
Manufactuer 36,Product 12,4,7.031938592,9,60.06806112,5.556179713,94.44
Manufactuer 36,Product 13,0,4.882788208,22,10.69228932,2.884061709,97.12
Manufactuer 36,Product 14,5,4.449253738,20,31.123367,0.342858437,99.66
Manufactuer 36,Product 15,6,2.653499974,5,24.12974683,1.668011883,98.33
Manufactuer 36,Product 16,12,3.309833863,28,7.023707477,0.971880184,99.03
Manufactuer 36,Product 17,6,9.259302154,32,39.04437059,2.035552902,97.96
Manufactuer 36,Product 18,3,5.562503779,6,9.005807429,1.451972204,98.55
Manufactuer 36,Product 19,2,8.093647743,24,51.50423045,1.228954243,98.77
Manufactuer 36,Product 20,6,4.812161898,16,43.39885486,0.157132058,99.84
Manufactuer 37,Product 1,5,8.304089209,23,72.70095418,3.387717071,96.61
Manufactuer 37,Product 2,8,4.310841239,22,25.66937965,1.290618569,98.71
Manufactuer 37,Product 3,10,5.135344592,9,54.60807728,1.080826755,98.92
Manufactuer 37,Product 4,2,7.990930348,15,25.97782249,5.69511973,94.3
Manufactuer 37,Product 5,8,7.9019612,12,36.93751299,3.418399487,96.58
Manufactuer 37,Product 6,7,4.256447306,6,6.724111463,2.602495422,97.4
Manufactuer 37,Product 7,8,2.216142729,28,42.08443674,3.448063288,96.55
Manufactuer 37,Product 8,3,3.330165915,25,2.534679044,1.844995791,98.16
Manufactuer 37,Product 9,1,5.354555621,18,62.62442621,2.005135699,97.99
Manufactuer 37,Product 10,4,7.096859966,15,1.241848633,3.212033848,96.79
Manufactuer 37,Product 11,9,3.904652566,25,93.90245275,3.038369999,96.96
Manufactuer 37,Product 12,4,7.604470227,14,54.9624532,2.381512177,97.62
Manufactuer 37,Product 13,6,7.811112527,2,43.32896075,1.839474042,98.16
Manufactuer 37,Product 14,3,4.42528029,9,39.81226767,2.893092257,97.11
Manufactuer 37,Product 15,3,5.387368558,11,11.78379725,2.730096815,97.27
Manufactuer 37,Product 16,7,11.73650023,34,49.85514016,4.133705698,95.87
Manufactuer 37,Product 17,7,6.995402901,27,17.82427665,1.86644076,98.13
Manufactuer 37,Product 18,10,7.139781331,18,44.2270604,4.011918937,95.99
Manufactuer 37,Product 19,6,7.847614179,9,55.88098783,2.092576432,97.91
Manufactuer 37,Product 20,2,6.141963555,16,26.03656252,2.191532675,97.81
Manufactuer 38,Product 1,6,2.204812337,2,44.61732675,1.35287367,98.65
Manufactuer 38,Product 2,6,8.047025159,3,58.84839345,1.425967813,98.57
Manufactuer 38,Product 3,8,5.93098957,12,30.68922426,0.085031478,99.91
Manufactuer 38,Product 4,7,8.249898294,23,0.165479452,3.419389772,96.58
Manufactuer 38,Product 5,2,4.085287524,14,3.407168798,3.285176663,96.71
Manufactuer 38,Product 6,1,0.520834171,29,60.14310571,2.952399376,97.05
Manufactuer 38,Product 7,4,5.447794026,24,23.35268041,3.339991245,96.66
Manufactuer 38,Product 8,3,1.590618071,7,83.25769352,0.218467197,99.78
Manufactuer 38,Product 9,3,7.802471215,21,63.61605898,0.627866355,99.37
Manufactuer 38,Product 10,7,7.264597747,9,74.46705566,0.94811812,99.05
Manufactuer 38,Product 11,4,7.686392919,14,70.25896915,1.358073794,98.64
Manufactuer 38,Product 12,8,2.569991246,21,6.057566108,5.107317051,94.89
Manufactuer 38,Product 13,6,8.276989868,4,54.73602825,0.583360142,99.42
Manufactuer 38,Product 14,5,6.449094973,10,45.59915504,2.677017495,97.32
Manufactuer 38,Product 15,6,7.280306889,6,72.04740826,1.368601441,98.63
Manufactuer 38,Product 16,1,2.897332046,18,87.85617753,1.327373402,98.67
Manufactuer 38,Product 17,0,7.730651838,12,15.64768708,2.913724665,97.09
Manufactuer 38,Product 18,3,8.231178598,5,66.25309986,3.86464099,96.14
Manufactuer 38,Product 19,7,4.396828138,7,46.63027283,1.285755823,98.71
Manufactuer 38,Product 20,5,5.644164499,17,28.9572605,2.970738421,97.03
Manufactuer 39,Product 1,8,0.380810379,17,31.50628529,2.520641932,97.48
Manufactuer 39,Product 2,3,5.074736431,15,27.82593467,3.75340137,96.25
Manufactuer 39,Product 3,0,3.999419874,8,24.08058944,4.778083041,95.22
Manufactuer 39,Product 4,9,1.678963843,26,46.60410239,2.674791157,97.33
Manufactuer 39,Product 5,8,4.680479593,1,35.25533464,2.204171154,97.8
Manufactuer 39,Product 6,5,10.74375488,21,34.5152947,1.885400894,98.11
Manufactuer 39,Product 7,6,5.251716125,15,22.95208743,2.591057184,97.41
Manufactuer 39,Product 8,6,5.229728271,10,12.72717102,1.791952635,98.21
Manufactuer 39,Product 9,4,9.342588388,20,0.365251314,4.532038082,95.47
Manufactuer 39,Product 10,5,4.705246958,1,57.3473482,3.77735837,96.22
Manufactuer 39,Product 11,6,3.04944462,11,60.67576088,2.984994907,97.02
Manufactuer 39,Product 12,6,5.461245547,22,81.49388412,1.256490819,98.74
Manufactuer 39,Product 13,5,3.417182407,23,60.13453446,3.768305899,96.23
Manufactuer 39,Product 14,5,4.65447353,19,78.1077674,4.502160264,95.5
Manufactuer 39,Product 15,1,5.408677853,18,82.58159455,1.598231902,98.4
Manufactuer 39,Product 16,2,5.197007591,9,57.75220824,0.589918877,99.41
Manufactuer 39,Product 17,2,9.389027093,16,5.310668275,0.876217491,99.12
Manufactuer 39,Product 18,8,6.606516805,0,36.87370179,1.483985269,98.52
Manufactuer 39,Product 19,2,7.65152542,11,86.13968629,1.238159035,98.76
Manufactuer 39,Product 20,9,3.294772965,11,1.309009848,0.880271706,99.12
Manufactuer 40,Product 1,6,4.944627828,10,61.42668103,4.345849231,95.65
Manufactuer 40,Product 2,7,6.070271453,15,78.51574203,3.809469982,96.19
Manufactuer 40,Product 3,8,0.314289101,19,44.49064321,1.504713453,98.5
Manufactuer 40,Product 4,10,7.826442674,17,31.2116999,1.77382268,98.23
Manufactuer 40,Product 5,3,9.451060448,24,29.31580705,1.289098215,98.71
Manufactuer 40,Product 6,4,4.713084259,12,20.85543413,2.308316427,97.69
Manufactuer 40,Product 7,2,5.527463071,7,33.8462007,1.574612811,98.43
Manufactuer 40,Product 8,4,7.117074009,18,24.09229059,3.373874783,96.63
Manufactuer 40,Product 9,3,10.17318892,19,18.80782197,1.989135745,98.01
Manufactuer 40,Product 10,4,2.56328088,11,64.54113231,3.887342354,96.11
Manufactuer 40,Product 11,6,4.595964327,0,28.14699147,1.134557648,98.87
Manufactuer 40,Product 12,5,5.373103559,19,37.62903846,0.378366173,99.62
Manufactuer 40,Product 13,5,7.80087957,0,30.29636959,2.508330993,97.49
Manufactuer 40,Product 14,3,7.324777037,4,87.43883208,2.111955812,97.89
Manufactuer 40,Product 15,5,6.792616048,30,62.42690153,1.117196654,98.88
Manufactuer 40,Product 16,6,5.867857463,14,80.56596609,1.914126261,98.09
Manufactuer 40,Product 17,2,6.697899639,14,60.68386179,3.72015352,96.28
Manufactuer 40,Product 18,8,4.197645401,14,68.66022476,3.947263298,96.05
Manufactuer 40,Product 19,9,12.02185657,13,19.59142873,5.425063026,94.57
Manufactuer 40,Product 20,8,6.491456675,20,70.39047095,4.083433059,95.92
